StockCode,week,actual_price,actual_qty,actual_revenue,actual_profit,rec_price,rec_pred_qty,rec_pred_revenue,rec_pred_profit,profit_uplift_pct,revenue_uplift_pct,price_change_pct
22668,2010-09-20,2.95,6.0,17.7,7.080000000000001,2.8516666666666666,53.0503,151.28177387237548,57.38274181365966,710.4907034682874,754.6992873662626,-3.3333333333333437
72816,2010-11-22,1.25,25.0,31.25,12.5,1.2083333333333333,100.69317,121.67091210683186,46.151035626729325,269.2082849842979,289.3469187294029,-3.3333333333333437
21786,2010-10-18,0.42,132.0,55.44,22.176,0.406,209.4033,85.01774185180665,32.24810897827149,45.41896183629734,53.35090521333541,-3.3333333333333215
85104,2010-09-20,2.95,3.0,8.850000000000001,3.5400000000000005,2.4583333333333335,58.225334,143.1372798283895,40.07843835194906,1032.1592751589678,1517.3703933583702,-16.666666666666664
20967,2010-10-04,3.75,46.0,172.5,69.0,3.625,31.229248,113.20602416992188,42.940216064453125,-37.76780280604232,-34.37331932216486,-3.3333333333333326
20774,2010-11-01,1.65,6.0,9.899999999999999,3.96,1.1549999999999998,205.13657,236.93273391723628,33.84753341674803,754.7356921262797,2293.259938316199,-30.000000000000004
21262,2010-11-08,9.95,7.0,34.650000000000006,27.859999999999996,12.271666666666665,4.8588924,59.62670840263366,30.619120531082146,9.90351949024808,72.08285252788696,23.333333333333318
22810,2010-11-01,2.9289473684210527,118.0,328.90000000000003,138.2463157894737,2.8313157894736842,63.870277,180.8369248942325,68.59331633919163,-50.38325907856254,-45.01765737498247,-3.3333333333333326
22534,2010-11-22,0.42,111.0,46.620000000000005,18.648,0.406,229.37386,93.12578536987306,35.323573760986335,89.42285370598513,99.75500936910234,-3.3333333333333215
21584,2010-10-18,1.6499999999999997,91.0,150.14999999999998,60.059999999999995,2.0349999999999997,45.031136,91.63836086273191,47.05753665924072,-21.649123112791845,-38.96879063461763,23.33333333333334
21927,2010-10-11,1.25,24.0,30.0,12.0,1.2083333333333333,111.93456,135.25426324208576,51.30334122975667,327.52784354567825,350.84754412525757,-3.3333333333333437
22113,2010-09-27,3.75,112.0,420.0,168.0,3.625,42.874874,155.4214186668396,58.95295190811157,-64.90895719776151,-62.99490031750725,-3.3333333333333326
21446,2010-11-15,1.25,15.0,18.75,7.5,1.2083333333333333,76.06765,91.91507689158121,34.86433951059977,364.85786007934917,390.21374339562175,-3.3333333333333437
22443,2010-11-22,7.95,7.0,55.65,22.260000000000005,9.805,10.703489,104.94771262168884,53.89206864356995,142.10273423696725,88.5852877265103,23.333333333333318
82483,2010-11-15,5.95,32.0,190.4,76.16000000000001,7.735,23.426193,181.20160469055176,97.57009483337404,28.111994264827867,-4.831089973949543,30.000000000000004
22429,2010-10-18,4.25,1.0,4.25,1.7000000000000002,3.5416666666666665,28.420633,100.65640966097513,28.18379470507304,1557.8702757937845,2268.386109112736,-16.666666666666675
21462,2010-11-15,6.75,7.0,47.25,18.900000000000002,6.525,10.298632,67.1985716342926,25.489113378524785,34.863033741672766,42.219199223006186,-3.3333333333333326
22651,2010-11-22,0.85,41.0,34.849999999999994,13.94,0.8216666666666667,147.85214,121.4851769510905,46.08058436075846,230.5637328368208,248.59448191565158,-3.3333333333333326
22855,2010-11-22,1.2394444444444443,196.0,235.88,97.17244444444444,1.1981296296296295,169.04419,202.53685210051358,76.82432321053965,-20.940217518484726,-14.13564011376337,-3.3333333333333326
20731,2010-11-15,1.25,10.0,12.5,5.0,1.2083333333333333,107.71614,130.15700340270996,49.36989784240722,887.3979566506648,941.2560271383793,-3.3333333333333437
21288,2010-10-18,2.95,6.0,17.700000000000003,7.080000000000001,2.8516666666666666,47.10568,134.3296933555603,50.95264230728149,619.6700889842483,658.9248211749775,-3.3333333333333437
90088,2010-09-20,0.85,12.0,10.2,4.08,0.8216666666666667,38.777576,31.86224198023478,12.085677992502848,196.2175977828596,212.3749213442258,-3.3333333333333326
22496,2010-11-22,2.95,13.0,38.35000000000001,15.340000000000002,2.8516666666666666,33.775528,96.31654721577962,36.53386273701985,138.160774019806,151.151361703437,-3.3333333333333437
21638,2010-12-06,2.1,12.0,25.200000000000003,10.080000000000002,1.61,85.01331,136.87143440246584,29.754659652709968,195.18511557299712,443.14061268664454,-23.33333333333333
22700,2010-10-11,2.9500000000000006,14.0,41.300000000000004,16.520000000000007,2.8516666666666675,36.86629,105.13037329991661,39.87703814824424,141.38642945417894,154.55296197910675,-3.3333333333333215
85049G,2010-11-01,1.25,74.0,92.5,37.0,1.2083333333333333,141.34584,170.79289054870605,64.78351020812987,75.09056812534855,84.64096275336178,-3.3333333333333437
21802,2010-10-25,0.42,80.0,33.6,13.439999999999998,0.406,201.23311,81.70064205932617,30.989898712158208,130.5796034959257,143.1566727883768,-3.3333333333333215
22342,2010-10-11,1.65,12.0,19.799999999999997,7.92,1.595,63.408867,101.13714267730712,38.36236446380616,384.37328862326297,410.793649859592,-3.3333333333333326
82583,2010-11-08,2.056842105263158,226.0,415.56,185.9385263157895,2.5367719298245612,44.116756,111.91414936989231,57.46942805480957,-69.09224290780006,-73.06907561612691,23.33333333333334
22811,2010-11-01,2.95,1.0,2.95,1.1800000000000002,2.8516666666666666,36.61263,104.40701351801555,39.60266029993693,3256.157649692826,3439.2207960211294,-3.3333333333333437
22842,2010-11-01,6.75,20.0,135.0,54.0,7.875,14.336433,112.89941310882568,54.83685779571533,1.5497366568515414,-16.370805105193032,16.666666666666675
21983,2010-10-18,0.29,16.0,4.64,1.8559999999999999,0.2803333333333333,201.04082,56.358442438761394,21.377340235392253,1051.796348269089,1114.621604021879,-3.3333333333333326
84192,2010-09-20,1.25,3.0,3.75,1.5,1.2083333333333333,75.84297,91.64359092712402,34.76136207580566,2217.4241368420944,2343.829090738286,-3.3333333333333437
90209C,2010-10-18,2.1,6.0,12.600000000000001,5.040000000000001,2.45,17.51225,42.90501470565796,20.83957857131958,313.4837017298559,240.51598970041903,16.666666666666675
21209,2010-10-11,1.65,24.0,39.599999999999994,15.84,1.595,57.98628,92.48811426162719,35.081698513031014,121.4753693864663,133.55584408912034,-3.3333333333333326
22148,2010-11-08,1.95,2.0,3.9,1.56,1.625,55.72014,90.54522514343262,25.352663040161136,1525.1707066608606,2221.6724389798947,-16.666666666666664
85017A,2010-11-01,0.85,4.0,3.4,1.3599999999999999,0.8216666666666667,53.82256,44.224202938079834,16.774697666168212,1133.4336510171968,1200.7118507374328,-3.3333333333333326
21122,2010-10-04,1.25,192.0,240.0,96.0,1.2083333333333333,150.52138,181.87999788920084,68.98896471659342,-28.136495087630443,-24.216667546482075,-3.3333333333333437
22614,2010-11-15,0.29,93.0,26.969999999999995,10.787999999999998,0.2803333333333333,190.19922,53.31918098958333,20.224516927083332,87.4723482129089,97.6981126718812,-3.3333333333333326
85183A,2010-10-11,3.75,6.0,22.5,9.0,4.875,8.442162,41.155537605285645,22.16067409515381,146.22971214101682,82.9135004598067,30.000000000000004
22540,2010-12-06,0.42,48.0,20.16,8.064,0.378,261.59286,98.8821029663086,32.96070098876953,308.7388514965544,390.4866218323598,-9.999999999999998
22788,2010-11-22,9.95,5.0,49.75,19.9,8.291666666666666,22.734818,188.50952847798663,52.782667973836254,165.2395375436375,278.91362507376385,-16.666666666666664
21811,2010-10-18,1.25,26.0,32.5,13.0,1.2083333333333333,107.83071,130.29544289906818,49.42240937550862,280.17237978236074,300.9090550617203,-3.3333333333333437
15044A,2010-10-11,2.95,1.0,2.95,1.1800000000000002,2.4583333333333335,94.16589,231.49115498860678,64.8175233968099,5393.0104527016765,7747.157793563904,-16.666666666666664
22207,2010-10-11,4.25,10.0,42.5,17.0,3.5416666666666665,86.874466,307.6804002126058,86.15051205952963,406.76771796742327,623.9538828361559,-16.666666666666675
21644,2010-10-25,1.25,4.0,5.0,2.0,1.2083333333333333,97.294525,117.56421788533528,44.593324025472,2129.666200158767,2251.284357236449,-3.3333333333333437
21358,2010-10-11,1.25,56.0,70.0,28.0,1.2083333333333333,61.825546,74.70586840311685,28.336708704630528,1.202531084351799,6.722669145785165,-3.3333333333333437
22233,2010-09-27,1.65,1.0,1.65,0.66,1.595,57.458183,91.64580234527588,34.762200889587405,5167.000126805668,5454.2910478626045,-3.3333333333333326
84559B,2010-10-18,0.85,24.0,20.4,8.16,0.8216666666666667,130.09174,106.89204294840495,40.54525767008463,396.87815766073345,423.9806026625742,-3.3333333333333326
21667,2010-11-08,16.95,1.0,16.95,6.779999999999999,22.035,7.1668644,157.92185694694518,85.0348460483551,1154.201268964795,831.6923713134411,30.000000000000004
82483,2010-10-11,5.7681818181818185,56.0,301.20000000000005,129.20727272727274,6.7295454545454545,38.32605,257.9168942538175,125.27392006613991,-3.044219244844515,-14.37022103155341,16.66666666666665
21095,2010-10-04,0.85,5.0,4.25,1.6999999999999997,0.8216666666666667,52.154457,42.853578910827636,16.254805793762205,856.1650461294445,908.3195035469281,-3.3333333333333326
20704,2010-09-27,6.95,4.0,27.8,11.120000000000001,6.718333333333334,8.016951,53.86054649670919,20.429862464269007,83.72178473409882,93.74297300277613,-3.3333333333333326
47594A,2010-10-04,1.95,12.0,23.4,9.36,1.885,51.035095,96.20115447998047,36.490093078613285,289.8514217384057,311.11604476867234,-3.3333333333333326
21280,2010-09-20,2.55,1.0,2.55,1.02,2.465,33.48649,82.5441937637329,31.309866600036624,2969.594761700066,3137.027205151476,-3.3333333333333326
20674,2010-10-04,1.25,34.0,42.5,17.0,1.2083333333333333,102.90787,124.34700647989908,47.16610590616861,177.44768178467137,192.58119171052533,-3.3333333333333437
22168,2010-11-08,8.5,9.0,76.5,30.6,7.65,18.919426,144.73360862731934,48.24453620910646,57.661883031143255,89.19425964108156,-9.999999999999998
22742,2010-09-20,2.95,20.0,59.00000000000001,23.6,2.8516666666666666,53.368233,152.1884103266398,57.72663839975992,144.6043999886181,157.94645817637343,-3.3333333333333437
22687,2010-11-08,7.550000000000001,42.0,297.9,126.84000000000002,9.815000000000001,11.132074,109.2613098049164,58.83301297187806,-53.6163568500361,-63.32282316060771,30.000000000000004
21937,2010-11-08,2.95,1.0,2.95,1.1800000000000002,2.8516666666666666,36.358585,103.68256591161092,39.32786982854207,3232.8703216282506,3414.6632500496366,-3.3333333333333437
21497,2010-10-18,0.388,575.0,201.5,89.24000000000001,0.40093333333333336,231.43382,92.78953395385743,38.91174004516602,-56.39652617130213,-53.95060349707348,3.3333333333333437
84975,2010-10-11,1.69,3.0,5.07,2.0279999999999996,1.6336666666666666,73.80553,120.57362884012858,45.734824732462556,2155.1688712973805,2278.1780831626584,-3.3333333333333326
21786,2010-11-15,0.4033333333333333,222.0,78.84,35.816,0.4167777777777778,166.73062,69.4896178487142,29.140807484944666,-18.637459559607315,-11.859946920557086,3.3333333333333437
22224,2010-09-27,2.8166666666666664,76.0,198.6,85.62666666666667,2.9105555555555553,43.020287,125.21293404897052,52.50864976247152,-38.6772231058958,-36.95219836438064,3.3333333333333437
21187,2010-11-22,1.65,43.0,70.94999999999999,28.380000000000003,1.595,64.68939,103.17958038330077,39.13708221435547,37.90374282232711,45.42576516116495,-3.3333333333333326
21680,2010-10-25,0.85,30.0,25.5,10.2,0.8216666666666667,125.65428,103.24593472798665,39.16225110371907,283.94363823411413,304.88601852524624,-3.3333333333333326
22633,2010-11-15,2.0915254237288137,630.0,1275.0000000000002,527.0644067796611,1.8823728813559322,251.19662,472.8457143285719,157.61523810952397,-70.09563991007349,-62.91406162131757,-10.000000000000009
22166,2010-09-27,7.95,4.0,31.8,12.720000000000002,9.805,10.57703,103.70778093338012,53.2553469657898,318.6741113333573,226.12509726452475,23.333333333333318
21106,2010-10-04,2.95,40.0,118.00000000000001,47.2,2.8516666666666666,33.775528,96.31654721577962,36.53386273701985,-22.59774844015714,-18.3758074449463,-3.3333333333333437
72780,2010-09-27,0.85,12.0,10.2,4.08,0.8216666666666667,79.915504,65.6639061609904,24.90699888865153,510.4656588859528,543.7637858289486,-3.3333333333333326
21333,2010-11-08,2.95,26.0,76.7,30.680000000000003,2.8516666666666666,45.089943,128.58148726145427,48.77228827158609,58.970952640144645,67.64209551470384,-3.3333333333333437
22184,2010-10-04,5.7700000000000005,35.0,151.9,80.78000000000002,6.731666666666667,17.533188,118.02757631937664,57.32767992655437,-29.03233482811999,-22.299159763923882,16.666666666666675
21430,2010-11-15,3.73,101.0,370.11,150.692,3.6056666666666666,54.287247,195.74171586608887,74.24685774230957,-50.729396556010364,-47.11255684375997,-3.3333333333333326
22800,2010-11-22,3.75,42.0,157.5,63.0,3.625,51.621235,187.12697649002075,70.97919797897339,12.66539361562975,18.810778723068356,-3.3333333333333326
21379,2010-11-22,1.25,10.0,12.5,5.0,1.2083333333333333,70.66857,85.39119052886963,32.389761924743645,547.7952383653138,583.1295241763066,-3.3333333333333437
22849,2010-12-06,15.95,5.0,76.75,31.900000000000006,20.735,3.5547433,73.70760211706161,39.68870883226395,24.416015144262637,-3.9640363308127036,30.000000000000004
22453,2010-11-22,2.95,2.0,5.9,2.3600000000000003,2.8516666666666666,54.718372,156.0385584704081,59.18703941980997,2407.9253980818094,2544.721329558659,-3.3333333333333437
21011,2010-10-11,1.1442857142857144,93.0,57.81,42.56742857142857,1.1824285714285716,163.01752,192.7565698503767,80.8334002598354,89.89495717904876,233.4311881111268,3.3333333333333437
72807B,2010-10-11,4.162000000000001,90.0,350.82,149.83200000000005,3.745800000000001,26.91638,100.8233759365082,33.607791978836076,-77.5696833929923,-71.26065334467225,-9.999999999999998
21934,2010-11-29,1.65,11.0,18.15,7.260000000000001,1.595,67.31193,107.3625248336792,40.723716316223154,460.93273155115463,491.52906241192244,-3.3333333333333326
21059,2010-10-25,0.85,14.0,11.899999999999999,4.76,1.105,46.14938,50.99506460189819,27.45888093948364,476.867246506617,328.5299546017891,30.000000000000004
22776,2010-12-06,9.627777777777776,38.0,343.3,146.3422222222222,9.948703703703703,9.763286,97.13203597616265,40.73278928032629,-72.16607164937349,-71.70636878069335,3.3333333333333437
84569B,2010-10-25,1.25,7.0,8.75,3.5,1.2083333333333333,82.11393,99.22099844614664,37.63555113474527,975.3014606854929,1033.9542678263667,-3.3333333333333437
75131,2010-10-04,1.69,3.0,5.07,2.0279999999999996,2.0843333333333334,34.999203,72.9500048866272,37.460813320159914,1747.1801430812682,1338.856111878474,23.33333333333334
21579,2010-10-11,2.25,1.0,2.25,0.9000000000000001,1.875,50.86918,95.37971019744873,26.70631885528565,2867.368758401329,4139.098229113677,-16.666666666666664
22565,2010-11-08,0.85,94.0,79.89999999999999,31.959999999999997,1.105,51.578697,56.99446041107178,30.689324836730954,-3.9758296753106603,-28.66775918603447,30.000000000000004
21716,2010-10-25,2.55,3.0,7.6499999999999995,3.06,2.465,34.834694,85.86752048492431,32.57043880462647,964.3934246399521,1022.4512480222197,-3.3333333333333326
22315,2010-10-18,1.25,7.0,8.75,3.5,1.2083333333333333,113.83655,137.552495320638,52.175084431966134,1390.7166976302562,1472.0285177704882,-3.3333333333333437
22158,2010-10-04,2.95,148.0,436.6,174.64000000000001,2.8516666666666666,135.95403,387.6955620574951,147.0569373321533,-15.79424110667016,-11.20119971218343,-3.3333333333333437
21143,2010-10-04,1.95,126.0,245.7,98.28,1.885,122.853676,231.57917896270752,87.8403782272339,-10.62232577702471,-5.747179909741551,-3.3333333333333326
22448,2010-10-04,3.35,7.0,23.450000000000003,9.380000000000003,2.7916666666666665,34.564,96.4911643664042,27.017526022593184,188.03332643617105,311.47618064942185,-16.666666666666675
21231,2010-09-20,1.2420833333333332,383.0,465.07,190.28716666666668,1.2006805555555555,186.6715,224.132832558314,85.01590200487774,-55.32231442945567,-51.80664576131936,-3.3333333333333215
22661,2010-10-25,0.8175,52.0,40.3,17.004,0.84475,112.2873,94.85469676780701,39.77777606391907,133.93187521512436,135.37145599368068,3.3333333333333437
22331,2010-10-11,1.6499999999999997,31.0,51.15,20.459999999999997,1.5949999999999998,66.928085,106.75029609680175,40.491491622924805,97.90562864587366,108.700481123587,-3.3333333333333326
21471,2010-10-25,2.95,48.0,141.60000000000002,56.64000000000001,2.4583333333333335,95.13633,233.876810391744,65.48550690968833,15.617067282012975,65.16723897605388,-16.666666666666664
21210,2010-10-18,1.45,173.0,250.84999999999997,100.33999999999999,1.4016666666666666,132.45413,185.6565417989095,70.42144688924154,-29.817174717421057,-25.989020610656,-3.3333333333333326
22417,2010-10-11,0.5423529411764706,397.0,202.75,86.12564705882353,0.6327450980392157,119.06262,75.33629047468598,36.59191251627605,-57.5133380526488,-62.842766720436785,16.666666666666675
22908,2010-11-22,0.85,47.0,39.949999999999996,15.979999999999999,0.8216666666666667,197.8201,162.5421812438965,61.65393081665039,285.8193417571477,306.86403314099596,-3.3333333333333326
22068,2010-12-06,1.65,1.0,1.65,0.66,1.595,64.57326,102.99434562683105,39.06682075500489,5819.215256941324,6142.081549358196,-3.3333333333333326
21509,2010-09-27,0.42,108.0,45.36,18.144,0.546,68.6224,37.46782951354981,20.174985122680667,11.193701066847073,-17.39896491903924,30.000000000000004
21579,2010-11-08,2.25,1.0,2.25,0.9000000000000001,1.875,50.86918,95.37971019744873,26.70631885528565,2867.368758401329,4139.098229113677,-16.666666666666664
90195B,2010-11-01,8.95,4.0,35.8,14.32,7.458333333333332,13.797543,102.90667168299356,28.813868071238193,101.21416249459534,187.44880357575164,-16.666666666666675
35598D,2010-11-08,0.65,48.0,31.200000000000003,12.48,0.8016666666666667,41.56213,33.31897419611613,17.10974350611369,37.09730372389999,6.791583958487868,23.33333333333334
22866,2010-11-01,2.0939024390243905,461.0,944.1000000000001,386.11560975609757,1.8845121951219515,255.142,480.81820726720304,160.27273575573432,-58.490998108944446,-49.07126286763122,-9.999999999999998
47504K,2010-11-01,1.95,2.0,3.9,1.56,1.625,70.686104,114.86491870880127,32.16217723846436,1961.6780267851009,2845.2543251115058,-16.666666666666664
22332,2010-10-04,1.6166666666666665,72.0,109.19999999999999,46.559999999999995,1.5627777777777776,95.42966,149.13534727308485,56.56858000013563,21.496091062973967,36.57083083490764,-3.3333333333333326
22131,2010-10-11,1.9124999999999999,104.0,181.2,79.55999999999999,1.84875,93.187965,172.2812510204315,65.34806073188781,-17.863171529579624,-4.922046898741305,-3.3333333333333326
22898,2010-11-15,1.95,31.0,60.45,24.18,1.885,81.90193,154.38514137268066,58.559881210327156,142.1831315463413,155.39312054611534,-3.3333333333333326
22729,2010-11-01,3.75,41.0,153.75,61.5,3.625,54.8046,198.66667413711548,75.35632467269897,22.530609221908414,29.21409699890949,-3.3333333333333326
84279P,2010-10-18,3.75,13.0,48.75,19.5,2.875,35.414303,101.81612062454224,22.133939266204834,13.507380846511596,108.8535807640076,-23.33333333333333
21016,2010-10-04,0.635,181.0,91.92999999999999,45.974000000000004,0.8255,77.751305,64.18370196914672,34.560454906463626,-24.826086688754756,-30.181984152672094,30.000000000000004
22662,2010-11-22,1.65,78.0,128.7,51.480000000000004,2.035,67.31062,136.97711814880373,70.33960121154787,36.6348119855896,6.431327232120765,23.33333333333334
21731,2010-12-06,1.65,170.0,280.5,112.2,1.595,59.98068,95.66918230056763,36.28831052780152,-67.65747724823699,-65.893339643413,-3.3333333333333326
72780,2010-10-25,0.85,4.0,3.4,1.3599999999999999,0.8216666666666667,52.154457,42.853578910827636,16.254805793762205,1095.20630748604,1160.399379359519,-3.3333333333333326
35912B,2010-11-22,1.25,1.0,1.25,0.5,1.2083333333333333,97.879,118.27045567830403,44.86120732625325,8872.241447306167,9361.636446695013,-3.3333333333333437
21865,2010-10-11,2.1,12.0,25.200000000000003,10.080000000000002,1.61,99.788734,160.65986244201662,34.926057052612315,246.48866120185934,537.5391366493699,-23.33333333333333
21773,2010-09-20,1.25,4.0,5.0,2.0,1.2083333333333333,66.743805,80.64876429239908,30.590910593668614,1429.545528918658,1512.9752855253867,-3.3333333333333437
22181,2010-10-25,0.85,83.0,70.55,28.22,1.105,71.3585,78.85113986968994,42.4583060836792,50.454663650512586,11.76632157132853,30.000000000000004
22381,2010-10-11,2.1,97.0,203.7,81.48,1.8900000000000001,176.24834,333.1093565368653,111.0364521789551,36.27448720863076,63.52938465156113,-9.999999999999998
16015,2010-09-27,0.5,50.0,25.0,10.0,0.6166666666666667,45.308132,27.940014839172363,14.347575187683107,43.47575186248349,11.760059352219043,23.33333333333334
21870,2010-12-06,1.2154545454545456,223.0,251.39000000000001,108.41854545454548,1.174939393939394,62.4044,73.32138776455504,27.811560876210528,-74.34796716802107,-70.83361002256916,-3.3333333333333437
21469,2010-11-01,3.75,2.0,7.5,3.0,3.625,16.523087,59.896188735961914,22.7192440032959,657.3081331907606,698.6158497063434,-3.3333333333333326
21126,2010-11-01,1.25,12.0,15.0,6.0,1.2083333333333333,80.56386,97.34799512227376,36.925101598103836,515.4183598658276,548.9866341052259,-3.3333333333333437
22574,2010-11-01,0.85,252.0,214.2,85.67999999999999,0.8216666666666667,243.53307,200.1030023956299,75.90113883972168,-11.413236649351289,-6.581231375025343,-3.3333333333333326
84596F,2010-11-29,1.25,2.0,2.5,1.0,1.2083333333333333,80.31731,97.05007870992024,36.81209882100423,3581.209878419212,3782.0031468440084,-3.3333333333333437
21484,2010-10-11,3.45,120.0,414.0,165.60000000000005,3.1050000000000004,48.58791,150.86545961380006,50.28848653793338,-69.63255643862941,-63.559067726223276,-9.999999999999998
21743,2010-10-18,2.8833333333333333,82.0,222.7,94.57333333333334,2.7872222222222223,43.695877,121.79011960347493,46.196252263387045,-51.15298294491198,-45.312025324235265,-3.3333333333333326
22597,2010-10-18,0.8066666666666666,88.0,65.44,28.394666666666666,0.8335555555555556,183.35077,152.83305215115018,64.09127993435331,125.71590885176613,133.54684008070709,3.3333333333333437
71270,2010-11-29,1.25,6.0,7.5,3.0,1.2083333333333333,65.42278,79.05252933502197,29.985442161560055,899.5147383854968,954.0337243264219,-3.3333333333333437
22101,2010-10-04,1.6833333333333336,48.0,55.8,32.32000000000001,1.6272222222222226,91.71834,149.24611779954702,56.610596406724746,75.15654828271403,167.46616092629458,-3.3333333333333215
84877A,2010-11-15,3.75,3.0,11.25,4.5,3.625,19.33157,70.07694005966187,26.58090829849243,490.6868509463458,522.9061338082917,-3.3333333333333326
22769,2010-12-06,21.95,4.0,87.8,35.12,28.535,3.2083864,91.5513065290451,49.29685736179352,40.36690592366132,4.272558687929817,30.000000000000004
21495,2010-10-11,0.42,75.0,31.5,12.599999999999998,0.406,228.42561,92.74079904174805,35.177544464111335,179.1868608041228,194.41523504382187,-3.3333333333333215
22452,2010-11-01,2.95,9.0,26.550000000000004,10.620000000000001,2.8516666666666666,47.318733,134.93725421905518,51.18309642791748,381.9500604811485,408.2382456270161,-3.3333333333333437
21264,2010-11-22,1.95,14.0,27.3,10.92,2.535,60.47361,153.3006011581421,82.5464775466919,655.9201239847317,461.5406635623688,30.000000000000004
84709B,2010-09-27,5.95,3.0,17.85,7.140000000000001,7.735,7.745577,59.91203700065613,32.26032761573792,351.82531668374884,235.64166385041852,30.000000000000004
20967,2010-10-11,3.75,25.0,93.75,37.5,3.625,36.854748,133.5984606742859,50.675278186798096,35.13407516119136,42.50502471771822,-3.3333333333333326
21928,2010-11-08,1.93125,427.0,742.65,329.85749999999996,1.866875,165.4032,308.7870957183838,117.12613975524904,-64.49189733297136,-58.42091217693826,-3.3333333333333215
47599B,2010-10-11,2.1,33.0,69.3,27.720000000000002,1.8900000000000001,53.396057,100.91854797363283,33.63951599121094,21.354675288590876,45.625610349461134,-9.999999999999998
85166B,2010-10-04,3.75,2.0,7.5,3.0,3.625,16.523087,59.896188735961914,22.7192440032959,657.3081331907606,698.6158497063434,-3.3333333333333326
21509,2010-10-04,0.42000000000000004,60.0,25.2,10.080000000000002,0.406,221.93481,90.10553466796875,34.177961425781255,239.06707760308112,257.5616454936236,-3.3333333333333326
22682,2010-11-22,1.25,34.0,42.5,17.0,1.2083333333333333,70.41344,85.0829029083252,32.27282524108886,89.84014846582622,100.19506566193708,-3.3333333333333437
22947,2010-11-29,16.95,6.0,101.69999999999999,40.67999999999999,22.035,6.552659,144.3878418302536,77.74729944705963,91.11922184156455,41.97427908439908,30.000000000000004
20665,2010-11-01,2.95,24.0,70.80000000000001,28.320000000000004,2.8516666666666666,62.211292,177.40586844762166,67.29188113530476,137.61257462192313,150.5732605157004,-3.3333333333333437
22417,2010-11-29,0.5283333333333333,307.0,137.65,64.87933333333334,0.6163888888888889,117.278694,72.28928397920396,35.11193793275621,-45.8811671941527,-47.48326627048398,16.666666666666675
21112,2010-10-11,2.95,127.0,374.65000000000003,149.86,2.8516666666666666,47.318733,134.93725421905518,51.18309642791748,-65.84605870307225,-63.983116450368335,-3.3333333333333437
22819,2010-11-01,0.42,24.0,10.08,4.032,0.406,180.51302,73.28828439331055,27.79900442504883,589.4594349740635,627.0663133535702,-3.3333333333333215
85047,2010-09-20,6.35,22.0,139.7,55.88,7.831666666666665,10.720025,83.9556629482905,43.112367459932955,-22.848304475373226,-39.90288980122438,23.333333333333318
85230F,2010-11-01,0.29,24.0,6.959999999999999,2.784,0.377,62.11738,23.418251594543456,12.609827781677247,352.93921613318446,236.46913205716623,30.000000000000004
21121,2010-10-18,1.25,87.0,108.75,43.5,1.2083333333333333,187.59163,226.67321840922037,85.97949663798013,97.6540152551807,108.43514336288366,-3.3333333333333437
85106,2010-11-01,2.55,6.0,15.299999999999999,6.12,2.465,36.14538,89.09835704803466,33.79592853546143,452.22105441077144,482.3422028902695,-3.3333333333333326
22866,2010-11-15,2.08046875,933.0,1839.3000000000002,776.4309375,1.8724218750000001,296.23947,554.6852665543556,184.8950888514519,-76.1865376659835,-69.84258867210058,-9.999999999999998
22289,2010-10-11,1.25,6.0,7.5,3.0,1.2083333333333333,103.651146,125.24513467152913,47.506775220235184,1483.5591734799864,1569.9351287310637,-3.3333333333333437
22084,2010-11-01,2.95,12.0,35.400000000000006,14.160000000000002,2.8516666666666666,41.883167,119.43683198928832,45.30362592697143,219.94086104358766,237.3921807511706,-3.3333333333333437
22735,2010-11-22,1.6499999999999997,33.0,54.45,21.779999999999998,1.5949999999999998,72.88479,116.25123767852781,44.09529705047607,102.45774586065886,113.50089564075816,-3.3333333333333326
21154,2010-11-22,1.25,44.0,55.0,22.0,1.2083333333333333,119.48409,144.37661202748615,54.763542493184396,148.92519313952337,162.50293095429296,-3.3333333333333437
21816,2010-10-11,1.45,24.0,34.8,13.919999999999998,1.2083333333333333,96.26779,116.32358169555663,32.57060287475585,133.98421603747136,234.26316578222418,-16.666666666666675
22041,2010-09-27,2.325,60.0,131.4,55.80000000000001,2.8675000000000006,46.27174,132.68421433448793,68.13513709068302,22.10598044706442,0.9773320650518835,23.33333333333334
21693,2010-10-18,2.9500000000000006,26.0,76.7,30.68000000000001,2.8516666666666675,61.462406,175.27029489517216,66.4818359947205,116.69438067977032,128.5140741758631,-3.3333333333333215
22459,2010-10-18,2.55,2.0,5.1,2.04,2.465,34.784126,85.74287128448486,32.52315807342529,1494.272453798165,1581.2327699543637,-3.3333333333333326
21870,2010-09-20,1.085909090909091,222.0,242.16,96.42872727272729,1.1945000000000001,127.47708,152.2713736114502,69.21426073247737,-28.22236413428708,-37.11951866087653,10.000000000000009
90200A,2010-11-29,4.25,1.0,4.25,1.7000000000000002,4.108333333333333,13.723987,56.38271172046662,21.386545825004582,1158.0321066131914,1226.652040169414,-3.3333333333333326
22156,2010-10-11,0.8355555555555555,376.0,300.88,125.66755555555555,0.8077037037037036,202.60837,163.64752917028355,62.07320071976272,-50.60522945253978,-45.61036653491769,-3.3333333333333437
84992,2010-11-22,0.541875,265.0,130.15,57.43875,0.7044375,175.91673,123.9223434534073,66.72741570568085,16.171427310864427,-4.7849839013022315,30.000000000000004
21930,2010-11-29,1.9124999999999999,173.0,301.34999999999997,132.34499999999997,1.84875,120.47458,222.72737766265868,84.48279842376708,-36.16472218585609,-26.090135171090225,-3.3333333333333326
22360,2010-11-15,2.8166666666666664,27.0,70.05,30.42,2.9105555555555553,58.232872,169.49000914255777,71.07645544687907,133.65041237522212,141.955758943809,3.3333333333333437
21447,2010-09-27,1.25,6.0,7.5,3.0,1.2083333333333333,102.73168,124.13411553700765,47.08535416920979,1469.5118051171557,1555.1215402727526,-3.3333333333333437
20957,2010-09-27,1.45,8.0,11.6,4.64,1.2083333333333333,52.439247,63.36409028371175,17.741945279439285,282.369510250336,446.2421575711149,-16.666666666666675
22669,2010-12-06,2.9500000000000006,12.0,35.4,14.160000000000004,2.8516666666666675,22.56586,64.35031290054323,24.408739376068127,72.37810292616058,81.78054491165376,-3.3333333333333215
35980C,2010-10-11,0.38,24.0,9.120000000000001,3.6480000000000006,0.49400000000000005,71.34718,35.2455085144043,18.978350738525396,420.2398775581961,286.46390910679446,30.000000000000004
84247E,2010-10-11,2.95,23.0,67.85000000000001,27.140000000000004,2.8516666666666666,45.089943,128.58148726145427,48.77228827158609,79.70629428809515,89.50845579890812,-3.3333333333333437
21644,2010-11-08,1.25,52.0,65.0,26.0,1.2083333333333333,108.034225,130.5413557688395,49.51568667093912,90.44494872705641,100.83285502589412,-3.3333333333333437
21623,2010-11-15,9.95,31.0,308.45,123.37999999999998,12.934999999999999,26.312473,340.35184209823603,183.2663765144348,48.53815570833964,10.342629955303174,30.000000000000004
21561,2010-11-15,2.55,45.0,114.75,45.9,2.465,41.220497,101.60852542877197,38.54116481781006,-16.032320660195232,-11.45226542232114,-3.3333333333333326
21823,2010-09-27,1.45,12.0,17.4,6.959999999999999,1.2083333333333333,133.92491,161.82593472798663,45.31126172383625,551.0238752489371,830.034107578657,-16.666666666666675
21843,2010-10-04,10.878571428571428,48.0,501.59999999999997,208.86857142857144,12.691666666666666,29.492405,374.3077726682027,181.80663243884132,-12.956443760546875,-25.3772383039361,16.666666666666675
22456,2010-11-22,4.872222222222223,37.0,170.55,72.1088888888889,6.33388888888889,15.35417,97.25160578303868,52.36624926779006,-27.37892640704266,-42.97765711963151,30.000000000000004
22697,2010-11-08,2.865789473684211,145.0,389.35,166.21578947368423,2.770263157894737,96.87126,268.35888706006506,101.79130198830055,-38.75954726683529,-31.075154216161348,-3.3333333333333326
17191A,2010-11-15,3.75,4.0,15.0,6.0,3.625,19.497072,70.6768867969513,26.80847430229187,346.8079049637298,371.1792452815967,-3.3333333333333326
10134,2010-11-01,1.25,25.0,31.25,12.5,1.2083333333333333,65.42278,79.05252933502197,29.985442161560055,139.88353727328976,152.96809386397535,-3.3333333333333437
21987,2010-09-27,0.65,63.0,40.95,16.38,0.8450000000000001,97.46585,82.35864395141603,44.34696212768555,170.73847451146622,101.12000964445622,30.000000000000004
21121,2010-10-11,1.25,341.0,426.25,170.5,1.2083333333333333,168.17009,203.20552508036295,77.07795778910318,-54.79298663422222,-52.327149541375675,-3.3333333333333437
84987,2010-11-08,1.4318181818181819,221.0,291.65,126.57272727272728,1.1931818181818181,145.26021,173.3218392458829,48.530114988847195,-61.65831610478334,-40.57197351438757,-16.666666666666675
21588,2010-10-11,2.55,24.0,61.199999999999996,24.48,2.465,64.32356,158.5575818634033,60.14253105163574,145.68027389370482,159.08101611243873,-3.3333333333333326
84836,2010-11-01,1.25,113.0,141.25,56.5,1.625,110.63949,179.78916835784912,96.80955219268799,71.3443401610169,27.2843669781071,30.000000000000004
21221,2010-09-20,1.25,14.0,17.5,7.0,1.2083333333333333,84.306885,101.87081909179688,38.64065551757812,452.0093644579718,482.11896620557536,-3.3333333333333437
22628,2010-10-18,4.95,18.0,89.10000000000001,35.64,4.785,20.578619,98.46869193077087,37.35019349098206,4.798522699029384,10.514805757200584,-3.3333333333333326
22143,2010-09-27,2.1,6.0,12.600000000000001,5.040000000000001,2.0300000000000002,38.70601,78.57319808959961,29.803626861572276,491.3418026916439,523.5968101854257,-3.3333333333333215
20849,2010-11-15,3.75,1.0,3.75,1.5,2.875,70.34992,202.25602626800537,43.96870136260986,2831.2467555531593,5293.494032375212,-23.33333333333333
20830,2010-11-08,2.1,6.0,12.600000000000001,5.040000000000001,1.61,92.182526,148.41386627197267,32.263883972167974,540.1564278921905,1077.8878274618553,-23.33333333333333
22535,2010-11-15,0.42,57.0,23.939999999999998,9.575999999999999,0.406,201.23311,81.70064205932617,30.989898712158208,223.62049612491654,241.27252320765854,-3.3333333333333215
35160,2010-09-27,0.85,4.0,3.4,1.3599999999999999,0.8216666666666667,167.11673,137.31424626668294,52.0847141011556,3729.758386974854,3938.654300773423,-3.3333333333333326
85130C,2010-11-15,1.65,12.0,19.799999999999997,7.92,1.595,52.129448,83.14646945953369,31.538316001892095,298.2110605796715,319.9316639158302,-3.3333333333333326
22027,2010-12-06,0.42,36.0,15.120000000000001,6.047999999999999,0.378,209.04985,79.02084347534179,26.340281158447265,335.52052172771266,422.62462612510274,-9.999999999999998
22563,2010-11-22,1.25,46.0,57.5,23.0,1.2083333333333333,156.80249,189.46967569986978,71.86780802408853,212.46873052592977,229.51247947230377,-3.3333333333333437
22362,2010-10-25,2.95,9.0,26.550000000000004,10.620000000000001,2.4583333333333335,84.82183,208.520333925883,58.385693499247246,449.7711251765493,685.3873217251567,-16.666666666666664
22744,2010-12-06,2.95,14.0,41.300000000000004,16.520000000000003,2.8516666666666666,33.408985,95.27128928502401,36.13738559087117,118.74930743755247,130.6810878516155,-3.3333333333333437
21935,2010-11-15,1.65,54.0,89.1,35.64,1.595,60.02565,95.74091178894042,36.31551826477051,1.895393557103131,7.453324116572269,-3.3333333333333326
47013A,2010-11-15,0.29,2.0,0.58,0.23199999999999998,0.2803333333333333,102.48046,28.728689267476398,10.89708903249105,4597.0211144486375,4853.222278955893,-3.3333333333333326
21467,2010-11-01,3.75,28.0,105.0,42.0,2.875,47.724213,137.20711135864258,29.827632904052734,-28.981826420612965,30.673439387938895,-23.33333333333333
22196,2010-11-15,0.85,199.0,169.15,67.66,0.8216666666666667,199.50964,163.9304237874349,62.18050557454427,-8.098572903302903,-3.0857677880781753,-3.3333333333333326
84952C,2010-11-29,3.125,44.0,75.0,55.0,3.229166666666667,11.530403,37.233593463897705,15.614087581634525,-71.61074985208975,-50.355208715465,3.3333333333333437
22654,2010-11-29,5.7681818181818185,113.0,592.35,260.7218181818182,7.498636363636364,24.891676,186.65362642374907,100.50579884355719,-61.450944326768045,-68.4893008485804,30.000000000000004
22153,2010-11-29,0.42000000000000004,81.0,34.019999999999996,13.608000000000002,0.406,231.43382,93.9621319885254,35.64080868530274,161.91070460525884,176.19674305045106,-3.3333333333333326
22413,2010-11-29,2.9500000000000006,30.0,88.50000000000001,35.40000000000001,2.8516666666666675,52.687798,150.24803600311284,56.99063434600833,60.9904924983006,69.77179209199447,-3.3333333333333215
90198A,2010-10-11,4.25,4.0,17.0,6.800000000000001,3.5416666666666665,25.019135,88.60943476359049,24.81064173380534,264.8623783846575,421.2319691669304,-16.666666666666675
21677,2010-11-29,0.85,19.0,16.15,6.459999999999999,0.8216666666666667,152.35432,125.18446983337402,47.48376441955566,635.042792758595,675.136036071967,-3.3333333333333326
21883,2010-11-22,0.65,63.0,40.95,16.38,0.8016666666666667,42.184246,33.817703927358,17.36584796269735,6.018607824402733,-17.417084428492878,23.33333333333334
22372,2010-11-08,4.25,15.0,63.75,25.500000000000004,4.108333333333333,19.398632,79.69604667027791,30.229534943898525,18.547195853776664,25.013406539651427,-3.3333333333333326
22303,2010-10-18,2.55,40.0,102.0,40.8,2.465,65.96706,162.60879371643065,61.67919761657715,51.17450395849366,59.42038599493769,-3.3333333333333326
22767,2010-11-08,9.95,31.0,308.45,123.37999999999998,12.934999999999999,14.268526,184.563384809494,99.38028412818907,-19.451868919287072,-40.16424548260799,30.000000000000004
21588,2010-11-15,2.55,45.0,114.74999999999999,45.9,2.465,54.191975,133.5832174873352,50.66949628829956,10.391059449228003,16.412389966162166,-3.3333333333333326
84032A,2010-10-11,2.95,16.0,47.2,18.880000000000003,2.8516666666666666,39.59534,112.91271331151326,42.828960221608476,126.84830624650418,139.22185023118865,-3.3333333333333437
22711,2010-11-22,0.42,25.0,10.5,4.199999999999999,0.406,166.73062,67.6926322631836,25.67651568603516,511.34561142670736,544.6917357784446,-3.3333333333333215
15058B,2010-11-22,7.95,2.0,15.9,6.360000000000001,7.154999999999999,12.683169,90.74807680606841,30.24935893535614,375.61885111006205,470.7426213859181,-10.000000000000009
15056BL,2010-11-29,5.65,165.0,892.75,372.90000000000003,6.591666666666667,32.358833,213.29864292144777,103.60219799041748,-72.21716331720577,-76.1076849150144,16.66666666666665
79323LP,2010-10-25,6.75,6.0,40.5,16.200000000000003,7.875,20.669252,162.77036261558533,79.05989041328431,388.0240148666917,301.902129905102,16.666666666666675
20719,2010-11-15,0.85,209.0,177.65,71.05999999999999,0.8216666666666667,221.36057,181.88459772745767,68.99070948282878,-2.912032814722898,2.383674487156684,-3.3333333333333326
22750,2010-10-18,3.75,71.0,266.25,106.5,3.625,60.006214,217.52252626419067,82.50854444503784,-22.527188315245905,-18.301398586526307,-3.3333333333333326
22630,2010-10-18,1.9500000000000002,47.0,91.64999999999999,36.660000000000004,1.885,164.71896,310.49524642944334,117.7740589904785,221.2603900361863,238.78368404370488,-3.3333333333333437
84270,2010-10-04,0.21,780.0,163.79999999999998,65.52,0.273,212.68274,58.06238781738282,31.264362670898443,-52.28271875698829,-64.55287679058097,30.000000000000004
21051,2010-10-04,2.1,18.0,37.800000000000004,15.120000000000001,1.61,110.91782,178.5776963043213,38.82123832702638,156.75422172261136,372.4277679883519,-23.33333333333333
21166,2010-11-22,1.938695652173913,382.0,682.5,296.2326956521739,1.8740724637681159,183.4672,343.83081553716244,130.41858520375126,-55.974277276791895,-49.6218585294273,-3.3333333333333326
84945,2010-11-29,0.8355555555555555,612.0,470.28000000000003,204.54399999999998,0.8077037037037036,343.70584,277.6124808123553,105.30128582537613,-48.51900528743872,-40.968682314415894,-3.3333333333333437
22522,2010-10-18,0.85,1.0,0.85,0.33999999999999997,0.8216666666666667,118.49234,97.36120610555012,36.93011266072591,10761.79780944351,11354.259528353829,-3.3333333333333326
21626,2010-11-15,1.95,12.0,23.4,9.36,1.625,82.009995,133.2662410736084,37.31454750061036,298.6596954767496,469.51385071757807,-16.666666666666664
22684,2010-12-06,1.25,2.0,2.5,1.0,1.2083333333333333,71.560486,86.46892038981119,32.79855600992838,3179.855597712982,3358.7568142089444,-3.3333333333333437
85040B,2010-10-11,1.65,9.0,14.849999999999998,5.94,1.595,55.77334,88.9584746170044,33.74286968231202,468.06177906786866,499.046967077535,-3.3333333333333326
85199L,2010-10-04,0.626,173.0,95.17,43.3192,0.6468666666666667,117.37681,75.92714464263916,31.8404154953003,-26.498145176814713,-20.21945503641762,3.3333333333333437
21804,2010-12-06,3.75,4.0,15.0,6.0,3.625,26.115412,94.66836762428284,35.90869116783142,498.47818603077735,531.1224507864774,-3.3333333333333326
22800,2010-11-08,3.75,55.0,206.25,82.5,3.625,47.567535,172.43231582641602,65.40536117553711,-20.720774333643256,-16.39645293305213,-3.3333333333333326
22194,2010-10-18,8.5,6.0,51.0,20.400000000000002,9.916666666666668,2.7560167,27.330499251683555,13.2748139222463,-34.9273827372766,-46.4107857820634,16.666666666666675
22095,2010-11-22,1.25,17.0,21.25,8.5,1.2083333333333333,103.85164,125.48739687601724,47.59866778055826,459.98432676421663,490.5289264475857,-3.3333333333333437
22502,2010-10-25,5.95,22.0,130.9,52.36000000000001,7.735,23.419346,181.14864019393923,97.5415754890442,86.29025112143106,38.38704369179173,30.000000000000004
22862,2010-11-29,4.25,20.0,85.0,34.0,3.5416666666666665,60.49645,214.25825516382852,59.99231144587199,76.44797483561034,152.06853548389154,-16.666666666666675
22276,2010-11-29,2.55,37.0,94.35,37.74,2.465,54.771694,135.0122261619568,51.21153406143189,35.695638738937305,43.09721903606341,-3.3333333333333326
21147,2010-09-20,2.1,1.0,2.1,0.8400000000000001,1.61,67.097015,108.0261947631836,23.48395538330079,2695.7089708742496,5044.104510082978,-23.33333333333333
72127,2010-10-04,1.25,2.0,2.5,1.0,1.2083333333333333,72.16077,87.19425964355469,33.073684692382805,3207.3684659309115,3387.770384347079,-3.3333333333333437
22906,2010-10-04,1.65,62.0,102.29999999999998,40.92,2.035,52.41921,106.67308935165406,54.77807291030886,33.86625833081671,4.274769648691423,23.33333333333334
85104,2010-11-01,2.9500000000000006,5.0,14.75,5.900000000000002,2.458333333333334,74.68497,183.60054397583013,51.40815231323245,771.3246153308337,1144.7494505992045,-16.666666666666664
22700,2010-09-20,2.95,1.0,2.95,1.1800000000000002,2.8516666666666666,60.963703,173.84816016515094,65.94240557988483,5488.339451186562,5793.157969702351,-3.3333333333333437
22445,2010-11-08,2.9500000000000006,23.0,67.85000000000001,27.140000000000008,2.8516666666666675,55.837643,159.23034434636438,60.39771682103478,122.54132947239995,134.67994744880994,-3.3333333333333215
20761,2010-12-06,3.75,6.0,22.5,9.0,3.625,19.456316,70.52914547920227,26.752434492111206,197.24927210154127,213.46286878252286,-3.3333333333333326
84558A,2010-11-15,2.95,17.0,50.150000000000006,20.060000000000002,2.8516666666666666,41.605595,118.64528736750285,45.00338486353556,124.34389262857484,136.58083223357335,-3.3333333333333437
21054,2010-11-29,8.95,9.0,80.55,32.22,9.844999999999999,7.583703,74.66155643939972,33.93707110881805,5.3292089005734455,-7.310296165769314,9.999999999999986
82484,2010-11-29,6.36,63.0,373.95,160.27200000000002,7.844000000000001,37.760857,296.1961593933106,152.10073049926763,-5.098376199012556,-20.792576710116716,23.33333333333334
35833G,2010-11-08,1.25,8.0,10.0,4.0,1.2083333333333333,90.95101,109.89913908640543,41.685880343119294,942.1470083174455,998.9913907541551,-3.3333333333333437
20978,2010-10-04,1.2025000000000001,163.0,179.43,78.40300000000002,1.1624166666666667,117.55769,136.6510221977234,51.83314635086059,-33.88882268510203,-23.84159717050559,-3.3333333333333437
21326,2010-12-06,0.65,148.0,96.2,38.480000000000004,0.6283333333333334,98.94633,62.17127559661866,23.582207984924324,-38.71567571644625,-35.37289439088109,-3.3333333333333215
22356,2010-10-04,0.85,122.0,103.7,41.48,0.8216666666666667,188.11438,154.5673154703776,58.628981730143224,41.342771766465304,49.052377501337574,-3.3333333333333326
22044,2010-11-22,0.42,24.0,10.08,4.032,0.406,166.73062,67.6926322631836,25.67651568603516,536.8183452298357,571.5538914332149,-3.3333333333333215
22479,2010-11-01,1.25,1.0,1.25,0.5,1.2083333333333333,63.15644,76.31403255462646,28.946702003479,5689.340389117119,6005.122599486019,-3.3333333333333437
22084,2010-09-27,2.95,85.0,250.75000000000006,100.30000000000001,2.8516666666666666,41.69014,118.88638191223144,45.09483451843261,-55.04004534597906,-52.58768418274884,-3.3333333333333437
21784,2010-11-29,9.95,3.0,29.849999999999998,11.939999999999998,7.628333333333332,22.565699,172.13867100079852,37.421450217564875,213.41248085787905,476.6789648074766,-23.33333333333334
22311,2010-11-01,2.8772727272727274,188.0,504.2,216.37090909090912,2.7813636363636363,43.67689,121.4813172860579,46.07912034988403,-78.70364341339864,-75.90612509206326,-3.3333333333333437
47367B,2010-11-15,3.75,1.0,3.75,1.5,3.625,23.977535,86.91856527328491,32.96911096572876,2097.94072958329,2217.82840666951,-3.3333333333333326
22694,2010-12-06,2.1,106.0,222.60000000000002,89.04,1.8900000000000001,58.607586,110.76833736419678,36.92277912139893,-58.532368462506454,-50.238842154672426,-9.999999999999998
22424,2010-11-15,12.75,5.0,63.75,25.500000000000004,12.325,15.166418,186.92610278129575,70.90300450325012,178.05099804105726,193.21741612292328,-3.3333333333333437
22442,2010-11-01,7.95,6.0,47.7,19.080000000000005,7.6850000000000005,10.836481,83.27835721015931,31.588342390060436,65.5573500440506,74.58775096103444,-3.3333333333333326
21806,2010-09-20,0.42,234.0,98.28,39.312,0.406,214.85124,87.22960427856447,33.08709127807618,-15.834627398162059,-11.243788891252649,-3.3333333333333215
22445,2010-12-06,2.95,14.0,41.3,16.520000000000003,2.8516666666666666,21.463099,61.20560262997945,23.21591823895772,40.53219272126145,48.197585056894646,-3.3333333333333437
22530,2010-10-18,0.42,43.0,18.060000000000002,7.223999999999999,0.406,209.4033,85.01774185180665,32.24810897827149,346.40239443255075,370.7516159861524,-3.3333333333333215
22586,2010-11-08,0.85,22.0,18.7,7.4799999999999995,0.8216666666666667,156.62651,128.69478289286295,48.81526247660319,552.6104608299075,588.2073951121972,-3.3333333333333326
84568,2010-10-18,0.19,936.2299999999959,489.6,71.1534799999997,0.20900000000000002,615.9409,128.73165185546875,58.51438720703127,-17.763140739976258,-73.70677045441057,10.000000000000009
22375,2010-09-27,4.25,14.0,59.5,23.800000000000004,3.5416666666666665,23.427935,82.97393520673116,23.232701857884727,-2.383605643241349,39.45199194174225,-16.666666666666675
22466,2010-10-25,1.95,53.0,103.35,41.34,1.885,61.72431,116.35032779693604,44.1328829574585,6.755885235585235,12.578933522796575,-3.3333333333333326
90145,2010-10-11,5.95,3.0,17.85,7.140000000000001,7.338333333333334,4.3603096,31.997405287424726,16.431100012461346,130.12745112269008,79.25717246852746,23.33333333333334
84836,2010-10-18,1.25,215.0,268.75,107.5,1.625,115.668655,187.9615650177002,101.21007347106934,-5.851094446392702,-30.060813016929934,30.000000000000004
21351,2010-11-01,4.75,100.0,291.0,190.0,6.175,25.500914,157.46814160346983,84.79053778648375,-55.37340116524343,-45.88723656256746,30.000000000000004
84270,2010-11-01,0.21,60.0,12.6,5.039999999999999,0.273,342.5308,93.51090628051759,50.35202645874024,899.0481438244002,642.1500497864769,30.000000000000004
84968E,2010-10-04,12.75,2.0,25.5,10.200000000000001,12.325,9.665459,119.12677822113037,45.186019325256346,343.00018941986605,367.1638361429754,-3.3333333333333437
35004B,2010-11-15,5.183333333333334,14.0,66.7,29.02666666666667,6.738333333333334,7.428479,50.05556897322337,26.952998677889514,-7.144010070185058,-24.954169456562358,30.000000000000004
22728,2010-12-06,3.75,36.0,135.0,54.0,3.625,19.906578,72.16134548187256,27.37154483795166,-49.31195400473188,-46.54715149530516,-3.3333333333333326
35958,2010-10-04,0.85,108.0,91.8,36.72,0.8216666666666667,153.5397,126.15845626831054,47.85320755004882,30.319192670875907,37.42751227335106,-3.3333333333333326
37467,2010-11-15,0.85,12.0,10.2,4.08,0.8216666666666667,51.779964,42.545870787302654,16.138088919321696,295.5413949844677,317.11638022677937,-3.3333333333333326
21890,2010-09-20,2.9000000000000004,224.0,620.8,259.84000000000003,2.8033333333333337,47.688564,133.68694192250572,50.708840039571136,-80.48459050208746,-78.4653766233424,-3.3333333333333326
21985,2010-11-08,0.29,187.0,54.22999999999999,21.692,0.2803333333333333,326.52112,91.53475345865886,34.72007889811198,60.05937164167152,68.78988282679511,-3.3333333333333326
84559B,2010-10-25,0.85,61.0,51.849999999999994,20.74,1.105,40.565117,44.82445415496826,24.136244544982908,16.3753353125321,-13.549750908189463,30.000000000000004
22254,2010-11-15,1.25,5.0,6.25,2.5,1.2083333333333333,90.68119,109.57310517628987,41.56221230824788,1562.4884916649198,1653.169682540131,-3.3333333333333437
21360,2010-10-18,9.95,3.0,29.849999999999998,11.939999999999998,9.618333333333332,24.459438,235.25903094609575,89.23618415196735,647.3717265032968,688.1374570794452,-3.3333333333333326
20655,2010-10-11,1.25,14.0,17.5,7.0,1.2083333333333333,103.651146,125.24513467152913,47.506775220235184,578.6682173349786,615.686483796413,-3.3333333333333437
22398,2010-10-25,1.25,27.0,33.75,13.5,1.2083333333333333,98.7301,119.29887390136717,45.251296997070305,235.19479254606193,253.47814488246638,-3.3333333333333437
21115,2010-10-25,6.75,8.0,54.0,21.6,6.525,11.372777,74.20736982822419,28.147623038291936,30.313069615688914,37.42105523490737,-3.3333333333333326
85232B,2010-11-08,4.891666666666667,56.0,260.4,109.57333333333332,6.359166666666667,20.601236,131.00669544696808,70.54206677913666,-35.62113642751319,-49.690209121941244,30.000000000000004
21915,2010-11-29,1.2394444444444443,936.2299999999959,1935.25,464.1620288888869,1.6112777777777778,102.62366,165.355218363444,89.03742527262371,-80.81759822414382,-91.45561460465788,30.000000000000004
85114C,2010-11-15,1.65,54.0,89.1,35.64,1.595,63.299652,100.96294509887696,38.29628952026368,7.453113129038025,13.314192028893167,-3.3333333333333326
22078,2010-10-18,2.1,49.0,102.9,41.160000000000004,1.8900000000000001,115.1332,217.60175102233887,72.5339170074463,76.22428815763864,111.46914579224894,-9.999999999999998
22471,2010-11-15,4.95,18.0,89.10000000000001,35.64,4.785,13.922937,66.62125542640686,25.270131368637085,-29.096152166307387,-25.22866955593811,-3.3333333333333326
84800M,2010-09-20,1.69,3.0,5.07,2.0279999999999996,2.0843333333333334,17.780993,37.06151538403829,19.031588980992634,838.4412707893603,630.9963585153515,23.33333333333334
48129,2010-09-20,7.709999999999999,26.0,182.70000000000002,80.184,9.509,16.423744,156.17338361358642,80.19714293670656,0.01639097040107007,-14.519220792155663,23.33333333333336
22372,2010-11-01,4.25,8.0,34.0,13.600000000000001,3.5416666666666665,36.882202,130.6244659423828,36.574850463867186,168.93272397924895,284.18960570159095,-16.666666666666675
47591D,2010-10-18,1.9249999999999998,114.0,207.3,87.78,1.8608333333333331,133.67178,248.74091036478674,94.35000048319499,7.484621191752261,19.99079129936654,-3.3333333333333326
21262,2010-11-22,2.9500000000000006,24.0,70.80000000000001,28.320000000000007,2.8516666666666675,42.43392,121.00740037282311,45.89935876210533,62.07400692261502,70.91440730383324,-3.3333333333333215
47563A,2010-11-22,3.75,3.0,11.25,4.5,3.625,16.09699,58.35159087181091,22.13336205482483,391.85248999791787,418.68080770332534,-3.3333333333333326
84880,2010-12-06,5.45,15.0,77.25,32.7,6.721666666666668,7.835968,52.67076502482097,27.0471496073405,-17.287004261426997,-31.817779904026988,23.33333333333334
22660,2010-10-04,7.95,10.0,79.5,31.800000000000004,7.6850000000000005,17.272173,132.73664895057678,50.34838408470156,58.328251833705245,66.96433830051211,-3.3333333333333326
85160A,2010-09-27,0.19,936.2299999999959,561.6,71.1534799999997,0.24700000000000003,216.9592,53.58892190551758,28.855573333740242,-59.44601257263198,-90.45781305102882,30.000000000000004
22518,2010-11-22,2.1,1.0,2.1,0.8400000000000001,1.8900000000000001,64.10517,121.15877357482911,40.38625785827637,4707.88783454732,5669.465405577831,-9.999999999999998
22412,2010-10-11,2.1,33.0,69.30000000000001,27.720000000000002,1.8900000000000001,69.44473,131.25054473876955,43.75018157958985,57.82893787161456,89.3947254500369,-9.999999999999998
20749,2010-09-20,7.95,10.0,79.5,31.800000000000004,9.805,11.679459,114.51709175109863,58.806074142456055,84.92476144844905,44.04665628887818,23.333333333333318
22949,2010-11-29,1.45,8.0,11.6,4.64,1.2083333333333333,112.94321,136.47304153442383,38.212451629638664,723.5442159785177,1076.491737264301,-16.666666666666675
22279,2010-11-22,1.25,19.0,23.75,9.5,1.2083333333333333,66.743805,80.64876429239908,30.590910593668614,222.009585162616,239.5737443747509,-3.3333333333333437
20774,2010-09-20,1.65,4.0,6.6,2.64,1.1549999999999998,236.21603,272.8295191955566,38.975645599365215,1376.3502115379436,4033.780593245739,-30.000000000000004
22295,2010-10-11,1.65,221.0,364.65,145.86,1.595,134.23203,214.10008010864257,81.21037521362305,-44.32306649316723,-41.28614284709846,-3.3333333333333326
62018,2010-09-20,1.95,3.0,5.85,2.34,1.885,60.826405,114.65777261734009,43.490879268646246,1758.5845833359144,1859.9619247477006,-3.3333333333333326
22315,2010-10-25,1.25,24.0,30.0,12.0,1.2083333333333333,111.102036,134.24829292297363,50.92176628112792,324.3480523073703,347.494309728329,-3.3333333333333437
21294,2010-10-25,1.25,10.0,12.5,5.0,1.2083333333333333,80.51409,97.28786055246988,36.902291933695466,638.0458385263001,678.3028843574948,-3.3333333333333437
22513,2010-10-18,3.75,12.0,45.0,18.0,3.625,30.0681,108.99686241149902,41.343637466430664,129.6868748007433,142.21524979794862,-3.3333333333333326
22443,2010-12-06,7.95,9.0,71.55,28.620000000000005,7.6850000000000005,9.588567,73.68813570499421,27.950672163963326,-2.338671687677474,2.988309858790106,-3.3333333333333326
47556B,2010-09-20,2.95,36.0,106.20000000000002,42.480000000000004,2.8516666666666666,50.75384,144.73303772608438,54.89873844782511,29.234318376960378,36.28346301762855,-3.3333333333333437
21316,2010-11-22,2.95,4.0,11.8,4.720000000000001,2.8516666666666666,35.919827,102.43137192408244,38.85327900568644,723.1626906240425,768.0624738593373,-3.3333333333333437
22676,2010-10-04,1.25,64.0,80.0,32.0,1.2083333333333333,97.32021,117.59525775909422,44.60509777069091,39.390930529053136,46.994072197030356,-3.3333333333333437
21191,2010-10-18,2.1,26.0,54.60000000000001,21.840000000000003,1.8900000000000001,98.51391,186.1912868499756,62.063762283325204,184.1747357164993,241.00968286916756,-9.999999999999998
84086C,2010-11-22,2.95,12.0,35.400000000000006,14.160000000000002,2.4583333333333335,51.20454,125.87782812118532,35.24579187393189,148.9109595440874,255.58708507804928,-16.666666666666664
22045,2010-10-04,0.42,150.0,63.0,25.199999999999996,0.406,228.42561,92.74079904174805,35.177544464111335,39.59343040760081,47.20761752424758,-3.3333333333333215
22413,2010-11-15,2.95,45.0,132.75000000000003,53.10000000000001,2.8516666666666666,50.75384,144.73303772608438,54.89873844782511,3.387454702055037,9.02677041430817,-3.3333333333333437
22197,2010-11-15,0.8429729729729729,738.0,588.3,248.8456216216216,1.0958648648648648,204.37865,223.9713782121813,120.59997288348222,-51.536228728036846,-61.929053508108,30.000000000000004
84875A,2010-10-11,3.75,1.0,3.75,1.5,3.625,16.122107,58.442636251449585,22.167896509170532,1377.8597662927955,1458.4702996230635,-3.3333333333333326
71053,2010-10-11,3.75,4.0,15.0,6.0,3.625,45.82983,166.1331343650818,63.016016483306885,950.2669412134036,1007.5542290267084,-3.3333333333333326
21062,2010-11-22,0.85,2.0,1.7,0.6799999999999999,1.105,43.991344,48.61043561935425,26.174849948883054,3749.242633880975,2759.437387691757,30.000000000000004
21587,2010-11-22,2.55,102.0,260.09999999999997,104.04,2.465,84.81675,209.07328769683838,79.3036608505249,-23.77579695332309,-19.618113150313498,-3.3333333333333326
21562,2010-10-04,1.25,24.0,30.0,12.0,1.2083333333333333,115.00973,138.97008736928302,52.71279176076252,339.2732646364149,363.2336245488356,-3.3333333333333437
21769,2010-11-08,29.95,28.0,1635.1999999999998,335.44,38.935,4.5122137,175.6830406808853,94.59856036663056,-71.79866433152023,-89.25617412666476,30.000000000000004
21976,2010-11-15,0.54,241.0,116.95,52.056000000000004,0.63,89.9662,56.678707122802734,27.529657745361327,-47.11530324106255,-51.535949446500126,16.66666666666665
10124A,2010-12-06,0.42,4.0,1.68,0.6719999999999999,0.378,23.174381,8.75991611480713,2.919972038269043,334.5196479053344,421.423577951958,-9.999999999999998
21819,2010-10-11,0.85,66.0,56.099999999999994,22.439999999999998,0.8216666666666667,182.29053,149.7820499674479,56.81388102213541,153.18128796614795,166.99117640780395,-3.3333333333333326
22619,2010-09-20,3.75,56.0,210.0,84.0,3.625,21.919744,79.45907378196716,30.13964867591858,-64.11946586242885,-62.16234581829105,-3.3333333333333326
22399,2010-11-08,1.25,49.0,61.25,24.5,1.2083333333333333,75.6021,91.3525333404541,34.650960922241204,41.43249355439542,49.1469932064696,-3.3333333333333437
84029G,2010-11-15,3.705,176.0,629.76,260.83200000000005,3.5815,67.944916,243.3447158355713,92.30316807556154,-64.6120230358209,-61.35913429954508,-3.3333333333333326
21272,2010-10-18,1.25,13.0,16.25,6.5,1.2083333333333333,102.04288,123.30180994669595,46.769652048746735,619.53310833156,658.7803688560501,-3.3333333333333437
37444A,2010-10-25,2.95,4.0,11.8,4.720000000000001,2.8516666666666666,77.766106,221.7630112838745,84.11700428009033,1682.139920810782,1779.347553093907,-3.3333333333333437
35957,2010-09-20,0.26666666666666666,240.0,56.64,25.599999999999998,0.3466666666666667,86.74621,30.07201883951823,16.192625528971355,-36.74755652992644,-46.90674640009305,30.000000000000004
22653,2010-11-22,1.95,53.0,103.35,41.34,1.885,67.231384,126.73115936279297,48.070439758300786,16.280696074354097,22.623279498371307,-3.3333333333333326
22329,2010-10-04,1.65,31.0,51.14999999999999,20.46,1.595,73.40908,117.0874834060669,44.41249370574952,117.06986169882119,128.91003598001527,-3.3333333333333326
22959,2010-11-08,0.4127272727272727,550.0,215.0,90.8,0.5365454545454545,210.87057,113.14164848743786,60.92242610862038,-32.90481706172971,-47.37597744794808,30.000000000000004
22169,2010-10-11,8.415000000000001,30.0,248.2,100.98000000000002,9.817500000000003,21.230904,208.43439634323124,101.23956393814092,0.25704489714628576,-16.021596961163787,16.666666666666675
21739,2010-11-01,2.95,10.0,29.500000000000004,11.8,2.4583333333333335,61.68323,151.63794374465942,42.45862424850465,259.81884953310555,414.0269279305733,-16.666666666666664
35095B,2010-11-22,0.42,24.0,10.08,4.032,0.406,129.97215,52.768694000244146,20.015711517333987,396.4214164774249,423.49894836318606,-3.3333333333333215
20771,2010-10-11,2.55,1.0,2.55,1.02,2.465,36.14538,89.09835704803466,33.79592853546143,3213.326323757663,3394.0532161997694,-3.3333333333333326
35968,2010-09-20,0.38,24.0,9.120000000000001,3.6480000000000006,0.49400000000000005,23.085945,11.4044568939209,6.140861404418947,68.33501652235734,25.048869437175547,30.000000000000004
22620,2010-10-25,1.25,178.0,222.5,89.0,1.2083333333333333,169.04419,204.26172892252603,77.47858683268228,-12.945408054144124,-8.196975765569437,-3.3333333333333437
21749,2010-11-08,2.1,13.0,27.300000000000004,10.920000000000002,1.61,64.11662,103.22776290893556,22.440818023681647,105.50199653504234,278.12367364525386,-23.33333333333333
21985,2010-09-20,0.29,127.0,36.83,14.732,0.2803333333333333,275.14377,77.13196971638997,29.25695403035482,98.59458341276728,109.42701524381135,-3.3333333333333326
22103,2010-09-20,1.65,12.0,19.799999999999997,7.92,1.1549999999999998,199.83717,230.8119353485107,32.97313362121581,316.32744465975424,1065.716845135624,-30.000000000000004
22559,2010-11-08,1.25,14.0,17.5,7.0,1.2083333333333333,65.42278,79.05252933502197,29.985442161560055,328.36345938966315,351.72873903145535,-3.3333333333333437
84997C,2010-09-27,3.714,428.0,1501.3200000000002,635.8368000000002,3.5902,58.189392,208.91155548095702,79.24231414794923,-87.53731867236615,-86.08480833660927,-3.3333333333333326
PADS,2010-11-15,0.19,1.0,0.001,0.07600000000000001,0.24700000000000003,13.471585,3.3274815626144414,1.7917208414077763,2257.527391884871,332647.82351362065,30.000000000000004
84522,2010-10-04,1.95,1.0,1.95,0.78,2.535,21.65557,54.89686760902405,29.559851789474493,3689.7245835355448,2715.2239785062466,30.000000000000004
21084,2010-11-22,0.65,8.0,5.2,2.08,0.8016666666666667,16.99105,13.6211589940389,6.994649213155112,236.2812120092452,161.94536521960475,23.33333333333334
85176,2010-11-01,0.85,29.0,24.65,9.86,0.8216666666666667,147.37848,121.09598358154297,45.93295928955078,365.85151404556046,391.261596659758,-3.3333333333333326
82583,2010-11-15,2.0726666666666667,217.0,396.66,179.90746666666666,1.8654,132.71669,247.56971364440918,82.52323788146971,-54.13017624559717,-37.58641818086396,-9.999999999999998
35400,2010-10-18,8.859090909090908,141.0,1197.95,499.6527272727272,9.745,46.11344,449.37548709869384,204.26158504486085,-59.11928947943894,-62.48795967291467,10.000000000000009
21231,2010-11-15,1.25,224.0,280.0,112.0,1.2083333333333333,292.23895,353.12206776936847,133.9428532918294,19.59183329520846,26.115024202895487,-3.3333333333333437
84247K,2010-10-25,2.95,1.0,2.95,1.1800000000000002,2.4583333333333335,58.225334,143.1372798283895,40.07843835194906,3296.4778235579893,4752.111178978589,-16.666666666666664
84707B,2010-10-18,9.95,4.0,39.8,15.919999999999998,7.628333333333332,22.565699,172.13867100079852,37.421450217564875,135.05936064833094,332.5092236092298,-23.33333333333334
72232,2010-10-04,0.19,101.0,19.19,7.676000000000001,0.24700000000000003,57.950905,14.31387349700928,7.707470344543459,0.40998363131004023,-25.40972643948215,30.000000000000004
22523,2010-12-06,0.85,1.0,0.85,0.33999999999999997,0.8216666666666667,19.05866,15.659866050084432,5.939949191411336,1647.043874688499,1742.337180195419,-3.3333333333333326
20658,2010-09-20,1.25,14.0,17.5,7.0,1.2083333333333333,61.825546,74.70586840311685,28.336708704630528,304.81012429403467,326.8906765648454,-3.3333333333333437
72140F,2010-11-22,0.42,15.0,6.3,2.5199999999999996,0.378,123.10516,46.53375183105469,15.511250610351563,515.5258176268376,638.6309813280695,-9.999999999999998
84270,2010-10-25,0.21,270.0,56.699999999999996,22.679999999999996,0.273,378.0347,103.20347268676758,55.57110067749024,145.02248974885373,82.0167066753923,30.000000000000004
22521,2010-11-15,0.85,30.0,25.499999999999996,10.2,0.8216666666666667,52.154457,42.853578910827636,16.254805793762205,59.36084109969213,68.05325062410633,-3.3333333333333326
20675,2010-11-15,1.2327272727272727,129.0,147.57,63.60872727272728,1.1916363636363636,122.51468,145.99294652210583,55.37663488769532,-12.941765601765331,-1.0686816283007827,-3.3333333333333326
21032,2010-10-18,1.25,13.0,16.25,6.5,1.2083333333333333,72.16077,87.19425964355469,33.073684692382805,408.82591826606995,436.5800593119316,-3.3333333333333437
17090A,2010-11-15,1.25,2.0,2.5,1.0,1.2083333333333333,101.021645,122.06782054901122,46.301587104797356,4530.158705849576,4782.712820007363,-3.3333333333333437
20749,2010-11-29,7.855882352941177,58.0,441.9,182.25647058823532,9.688921568627451,14.592748,141.38798782264485,72.60464239541223,-60.16347613849793,-68.00452866659315,23.33333333333334
37340,2010-11-29,0.85,6.0,5.1,2.04,0.8216666666666667,190.36696,156.41818433125815,59.331035435994465,2808.38408857405,2967.0232215801557,-3.3333333333333326
21336,2010-10-04,2.95,4.0,11.8,4.720000000000001,3.8350000000000004,24.055424,92.25255002975464,49.67445001602174,952.4247882520652,681.8012713723442,30.000000000000004
22074,2010-09-20,1.65,2.0,3.3,1.32,1.595,68.94511,109.96744487762452,41.71178943634034,3059.984045813674,3232.3468134636682,-3.3333333333333326
22168,2010-10-04,8.5,11.0,93.5,37.400000000000006,7.65,15.955353,122.0584487915039,40.68614959716798,8.786496246203512,30.543795497538472,-9.999999999999998
84840,2010-10-18,8.5,3.0,25.5,10.200000000000001,7.65,12.201074,93.33821339607239,31.112737798690805,205.02684113373073,266.0322093820081,-9.999999999999998
22594,2010-11-22,0.85,219.0,186.14999999999998,74.46,0.8216666666666667,242.06422,198.89610425313313,75.44334988911946,1.320641805138667,6.847222268098152,-3.3333333333333326
16236,2010-10-04,0.21,32.0,6.72,2.6879999999999997,0.273,34.10887,9.311721908569337,5.0140041046142585,86.53289072726673,38.56729028547121,30.000000000000004
21807,2010-10-11,0.42,130.0,54.599999999999994,21.839999999999996,0.406,230.50336,93.58436291503907,35.49751696777344,62.53441834316897,71.39993207568696,-3.3333333333333215
21984,2010-12-06,0.29,50.0,14.499999999999998,5.8,0.2803333333333333,352.17892,98.72749185180663,37.448358978271486,545.661361583015,580.8792541034334,-3.3333333333333326
22541,2010-11-08,0.42,6.0,2.52,1.008,0.406,166.73062,67.6926322631836,25.67651568603516,2447.27337902405,2586.2155649333904,-3.3333333333333215
20759,2010-09-20,0.85,9.0,7.6499999999999995,3.0599999999999996,0.8216666666666667,49.522285,40.69081122080485,15.4344456354777,404.3936480533911,431.9060289605986,-3.3333333333333326
21973,2010-11-01,1.45,4.0,5.8,2.32,1.2083333333333333,84.328735,101.89722188313802,28.53122212727864,1129.7940566802026,1656.8486528546473,-16.666666666666675
22706,2010-09-27,0.42,100.0,42.0,16.799999999999997,0.406,180.95244,73.46668997192383,27.8666755065918,65.87306848174448,74.92069040517768,-3.3333333333333215
20856,2010-10-04,1.65,6.0,9.899999999999999,3.96,1.1549999999999998,188.70677,217.95632148742672,31.136617355346665,686.2782158455526,2101.579004701121,-30.000000000000004
84750B,2010-09-27,1.95,8.0,15.6,6.24,1.625,93.843796,152.49616813659668,42.698927078247074,584.2776774263509,877.5395392744954,-16.666666666666664
22310,2010-11-15,1.6099999999999999,100.0,151.0,64.4,1.5563333333333331,53.81545,83.75477675501504,31.76905325190226,-50.66917196986188,-44.53326042750968,-3.3333333333333437
90210A,2010-09-20,2.95,2.0,5.9,2.3600000000000003,2.4583333333333335,63.61007,156.37475363413495,43.78493101755779,1755.2936863985103,2550.4195526717076,-16.666666666666664
21620,2010-11-22,3.75,5.0,18.75,7.5,3.625,17.624401,63.8884539604187,24.233551502227783,223.1140199866219,240.73842110406036,-3.3333333333333326
22899,2010-10-11,2.084375,110.0,218.5,91.7125,1.8759375,75.51533,141.66203459501267,47.22067819833755,-48.51227673673417,-35.16611689045111,-9.999999999999998
22739,2010-10-04,1.65,186.0,306.9,122.76,1.595,149.93561,239.1472946166992,90.71104278564455,-26.107003270686203,-22.076476175979142,-3.3333333333333326
22221,2010-11-15,9.95,5.0,49.75,19.9,8.291666666666666,19.392414,160.79543352127075,45.022721385955805,126.244831073836,223.2069015437964,-16.666666666666664
22422,2010-12-06,0.65,3.0,1.9500000000000002,0.78,0.6283333333333334,23.658703,14.865551624298098,5.638657512664796,622.9048083891985,662.3359803422941,-3.3333333333333215
21275,2010-11-01,14.95,4.0,59.8,23.92,19.435,2.8771613,55.91762917399406,30.10949263215065,25.875805313093192,-6.492258907928116,30.000000000000004
90184C,2010-11-01,8.95,1.0,8.95,3.58,7.458333333333332,16.015648,119.45004049936928,33.4460113398234,834.2461265497468,1234.637323866178,-16.666666666666675
21873,2010-10-04,1.25,12.0,15.0,6.0,1.2083333333333333,73.20025,88.45030053456624,33.55011399586995,459.16856650463774,489.66867019113033,-3.3333333333333437
22217,2010-10-04,1.25,8.0,10.0,4.0,1.2083333333333333,97.46148,117.76595401763915,44.669844627380364,1016.7461154053225,1077.6595400586255,-3.3333333333333437
22938,2010-10-11,1.9227272727272726,190.0,341.69999999999993,146.12727272727273,2.4995454545454545,57.805557,144.4876178741455,77.80102500915528,-46.75803937446488,-57.71506646949878,30.000000000000004
85026B,2010-10-18,0.85,1.0,0.85,0.33999999999999997,0.8216666666666667,38.777576,31.86224198023478,12.085677992502848,3454.611163810805,3648.4990520882106,-3.3333333333333326
21509,2010-09-20,0.37777777777777777,324.0,122.4,48.96,0.41555555555555557,108.36398,45.0312552218967,20.468752373589414,-58.19290773453565,-63.20975880594053,10.000000000000009
85059,2010-10-25,3.75,1.0,3.75,1.5,3.625,16.122107,58.442636251449585,22.167896509170532,1377.8597662927955,1458.4702996230635,-3.3333333333333326
21154,2010-11-01,1.25,69.0,86.25,34.5,1.2083333333333333,122.50973,148.03258736928302,56.15029176076252,62.75446886705791,71.63198535370053,-3.3333333333333437
35471D,2010-11-08,1.25,22.0,27.5,11.0,1.2083333333333333,102.90787,124.34700647989908,47.16610590616861,328.78278092618893,352.17093263773586,-3.3333333333333437
21114,2010-11-08,1.25,85.0,106.25,42.5,1.2083333333333333,140.00063,169.16742261250812,64.16695340474446,50.98106683114037,59.21639775145031,-3.3333333333333437
22096,2010-11-08,1.25,3.0,3.75,1.5,1.2083333333333333,92.37258,111.61686929066975,42.33743317921956,2722.49554339964,2876.4498469574733,-3.3333333333333437
20967,2010-11-22,3.75,36.0,135.0,54.0,3.625,47.567535,172.43231582641602,65.40536117553711,21.121039211714642,27.727641351954624,-3.3333333333333326
